Customer_ID,Customer_Name,Contact_no,Email,Address,City,Country,Product_ID
C001,Joan Johnson,825-522-8959x935,schultzjohn@hotmail.com,"1639 Pamela Streets, New Emily, IN 04537",,Barbados,P023
C002,Daniel Welch,762-020-3805x90140,kcarter@williams.com,"11086 Vasquez Cape Apt. 122, Joelmouth, IA 76054",Quinntown,Marshall Islands,P044
C003,Kristin Wolf,001-253-585-5846,julie22@yahoo.com,"4404 Morgan Wall, Darrellburgh, NC 21390",Watersland,Iraq,P089
C004,Kimberly Johnson,779-888-4859x165,andrewlee@gmail.com,"2412 Michael Estate, Veronicafort, NC 16962",Port Jennifer,New Caledonia,P012
C005,Juan Woodward,(832)416-1791,gabrielmills@olson.net,"872 Joseph Lakes, Rebeccahaven, TN 76169",East Steven,Gibraltar,P030
C006,April Day,+1-215-601-5691,,"724 Anne Flats Apt. 674, East Wyatt, SC 63882",Bakerberg,Indonesia,P090
C007,Dr. Peggy Hanson,(473)687-2816,riveramatthew@gmail.com,"533 Norton Port, Lake Johnchester, AR 60695",Wademouth,Senegal,P047
C008,Ronald Smith,,dodsondavid@gmail.com,"64253 Douglas Point, Cortezbury, IA 54279",North Lauraborough,Cote d'Ivoire,P026
C009,Carlos Lee,001-267-219-0900x1275,stacy87@hotmail.com,"USCGC Garcia, FPO AA 98809",Nelsonchester,New Zealand,P019
C010,Debbie Williams,178.559.8653,loricarter@hotmail.com,"552 Webster Island Suite 246, South Pamelaport, VA 56399",Michelleborough,Sweden,P036
C011,Taylor Tate,412.919.3367x4038,ocampbell@matthews.org,"PSC 5753, Box 5850, APO AE 49471",Kimberlymouth,Micronesia,P093
C012,Justin Webster,(233)714-6725x8329,derrickwaters@hotmail.com,"1908 Cantrell Branch, Kellyfort, IL 42458",Raymondmouth,Indonesia,P013
C013,Omar Franklin,+1-540-375-5946x4939,ballardjames@johnson-hansen.com,"00100 Tanner Ways, Lake Jennifer, DE 96921",Johnmouth,India,P067
C014,Caitlin Cruz,+1-804-422-0733,millerjohn@walker.biz,"USNS Gomez, FPO AP 99438",East Timothyside,Kazakhstan,P077
C015,Chase Long,001-119-980-8301x664,,"5641 Warren Glens Apt. 601, Stephenfurt, OR 78892",Port Lauratown,Cyprus,P028
C016,Kurt Warner,173-267-2903x83048,wholland@hotmail.com,"50255 Yates Isle, Beanview, RI 69452",Lake Sheliaville,Brunei Darussalam,P094
C017,Morgan Friedman,001-902-572-1755x84153,david54@hotmail.com,"505 Wright Overpass Apt. 621, Nicoleberg, IL 03535",Adamsview,Congo,P085
C018,Yolanda Bailey,(933)596-1785x2923,lori68@hotmail.com,"2649 Cooper Mount, Kimberlymouth, AK 27015",North Joshua,Estonia,P049
C019,Joyce Flores,8871978517,stephanieharris@mcclure.com,"99189 Stacy Divide, Jenningsborough, OR 68202",Wyattberg,Slovakia (Slovak Republic),P082
C020,Jason Fernandez,627-054-9760,scott11@hogan.com,"38832 Bruce Valleys, North Monica, HI 22048",Daviston,Kiribati,P033
C021,Thomas Martinez,282-907-9029x266,smithamanda@yahoo.com,"31450 Maureen Walks Apt. 600, West Christopher, AZ 55251",East Amberhaven,Cambodia,P020
C022,Joshua Morgan,+1-308-052-8837x56177,,"8430 Martin Station, Kimberlyside, TN 81472",South Anthonyfurt,Jordan,P067
C023,Michael Krueger,(321)791-7852,kellie79@hotmail.com,"PSC 2086, Box 3243, APO AP 66860",Andersonstad,Trinidad and Tobago,P071
C024,Amy Davis,892.647.2628,ryanreynolds@hotmail.com,"8492 Bonnie Rapids Suite 463, Tiffanymouth, IN 46057",Ramirezport,Iceland,P047
C025,Tonya Lopez,,randyevans@todd.org,"USCGC Daniels, FPO AE 70366",Debraberg,Falkland Islands (Malvinas),P052
C026,George Mcguire,225-599-6003x5477,vcoleman@lopez-black.com,"607 Joanna Manor, New Jessica, CT 78940",Lake Christopher,Angola,P060
C027,Michelle Potts,101-319-6825x47708,melissa38@gmail.com,"6910 Jeffrey Cape Apt. 703, New Patrickbury, NJ 31513",Craigbury,Saint Pierre and Miquelon,P075
C028,Robert Manning,001-073-424-6704x563,bmcintyre@little-chavez.info,"5173 Hanson Garden, Michaelborough, WI 43127",Jamestown,Northern Mariana Islands,P048
C029,Jeffrey Reid,001-842-430-5313x7656,kharrison@avery-haynes.com,"83305 John Pines, North John, IA 88339",Solishaven,Martinique,P011
C030,Alejandra Nelson,218.570.3483x911,karen89@yahoo.com,"871 Luis Flat, West Bruce, VT 49355",Harperfurt,Saint Martin,P049
C031,Jesse Wood,+1-871-377-5058,,"0216 Clark Canyon Suite 874, Heatherhaven, SC 12728",Laneview,Bahrain,P097
C032,Emma Clark,001-020-053-1376x81167,,"12452 Wagner Plains, West Justinland, AZ 28713",Faulknerland,Malawi,P048
C033,Steven Church,001-849-196-3921,mgallagher@jackson.info,"USNV Harper, FPO AE 32790",North Walterbury,Slovenia,P047
C034,Ryan Taylor,759.218.6502x54026,,"267 Shane Plaza Suite 084, Port Sharon, GA 30530",Lake Jason,Sweden,P053
C035,Tanya Horton,+1-785-214-0698,henry78@gmail.com,"10123 Johnson Green Suite 141, North Amyborough, TX 23763",North Melissamouth,Saint Helena,P005
C036,Howard Stone,976.937.2797x221,wigginsjennifer@hotmail.com,"3155 Stephen Green, Lake Shawn, IL 94644",Lake Yolandamouth,Kyrgyz Republic,P034
C037,William Henson,207.335.9920x0268,mdavis@yahoo.com,"04024 Smith Flats Apt. 372, New Joshua, ME 68833",Brownmouth,French Guiana,P059
C038,Susan Cole,001-269-478-4490x911,maria76@hotmail.com,"72100 Armstrong Run Apt. 392, Taylormouth, SD 03093",Jasontown,Dominica,P001
C039,Kevin Hall,(639)424-1470x1539,willie48@gmail.com,"356 Deborah Grove Apt. 183, Rhondabury, OH 27474",New Tammyland,Nauru,P092
C040,Joshua Robinson,447-118-2343x0439,ijenkins@miller.com,"907 Fernandez Spurs Apt. 312, North Codyhaven, AK 04956",Tonimouth,Uganda,P067
C041,Bridget Lucas MD,162.613.6647,anthonywilson@yahoo.com,"1767 Rebecca Curve, Ramosfurt, SC 40489",Hollandstad,Greenland,P073
C042,Kevin Miller,(073)012-0925x60400,basstammy@gmail.com,"2310 Travis Unions Apt. 525, Amandastad, UT 53971",Lake Cheryl,Saint Pierre and Miquelon,P052
C043,Tracy James,384.508.4407,,"2447 Pugh Forge Suite 666, North David, CT 94807",Davidside,Seychelles,P081
C044,Cynthia Knight,075-580-5508,,"321 Meyer Corner, East Matthew, IA 37543",Stewartview,Thailand,P038
C045,Cody Peterson,(131)289-1036,christopher19@hotmail.com,"8216 Kelly Avenue, South Joshuaberg, WI 30027",,Cameroon,P100
C046,Brian Valenzuela,+1-196-680-3838x40359,caseymills@richards-thomas.com,"18461 Jessica Islands, New Angela, NJ 27472",New Michaelberg,Bolivia,P007
C047,Adam Phillips,387-465-6290x692,umiller@porter.com,"0374 Vanessa Pines, South Rebecca, FL 91291",Samanthatown,Botswana,P017
C048,Brandon Hale,+1-171-002-2101x1873,wdaniel@peck-golden.org,"5082 Wanda Squares Apt. 086, Kellychester, VA 07203",North Joshua,Anguilla,P029
C049,Mark Sellers,,meadowschristina@hotmail.com,"Unit 6555 Box 5576, DPO AA 21032",Davilaville,Romania,P099
C050,Christopher Montes,285-942-8022x91266,jodiwoods@brennan.com,"9680 Hanna Green Suite 540, Barbaraburgh, PA 23029",Karenshire,Suriname,P097
C051,Paula Cowan,171.076.5882x97382,fredanderson@yahoo.com,"5533 Rhodes Squares Apt. 260, South Russellton, OR 98904",Murphyburgh,Jordan,P047
C052,Mrs. Mary Harris,001-689-080-0985x533,jenniferthomas@walker.com,"10172 Pollard Point, Bakerfurt, MD 02729",Frankhaven,Namibia,P046
C053,David Tyler,(816)659-6803x2817,kayla47@hotmail.com,"3533 Cheryl Track, South David, GA 60944",Adamsville,French Guiana,P037
C054,Michael Mills,,jeffrey79@hill.info,"30027 Ronald Shores Suite 310, Taylorfort, NE 91916",Port Paulshire,Malaysia,P084
C055,Nicole Price,797.604.8388x114,,"60025 Ramos Pike, North Marcusberg, CA 42168",Cooperside,Jamaica,P031
C056,Charles Rowe,5624876049,,"021 Summer Flats Apt. 796, Sharonberg, MN 60768",Brightville,Austria,P007
C057,Barry Phillips,9742591181,solisleah@gmail.com,"4424 Hudson Plain, Lake Derekport, SC 62497",East Erica,Italy,P081
C058,Gabriel Conley,001-441-996-3807x1397,tina03@yahoo.com,"7109 Mahoney Rue Apt. 150, North Mark, SC 75886",Josephport,Canada,P024
C059,Ashley Campbell,848-138-8760x45379,joneskevin@hotmail.com,"331 Brian Inlet Suite 927, East Andrewtown, NM 48412",West Kimberlyberg,Chile,P055
C060,William Hughes,,feliciamiller@martin-ortega.info,"Unit 3094 Box 1932, DPO AE 49720",Lynchbury,United Kingdom,P043
C061,Joseph Saunders,260-672-7696,krista39@pennington.org,"191 Monique Islands, Owenfurt, PA 98877",Port Gerald,Tajikistan,P061
C062,Kathleen Johnson,2034955226,,"24350 Kendra Locks Apt. 351, Samuelberg, MD 14773",,Seychelles,P024
C063,Katherine Hoffman,(400)565-6475,mckinneyjoshua@yahoo.com,"4643 Allen Turnpike Suite 335, Lake Stephen, WA 17914",Lake Ricardo,Tajikistan,P036
C064,Chelsea Avery,138.633.9814x496,barnesemily@taylor.org,"USCGC Robertson, FPO AA 60781",Port Courtneyfort,India,P019
C065,David Lopez,,rose30@weaver.com,"8107 Mary Land, Tiffanymouth, MO 43824",Moorebury,Tokelau,P023
C066,Stephen Rodriguez,+1-940-408-1934x3755,,"638 Samantha Centers, Evansburgh, TX 71536",,Dominican Republic,P083
C067,John Howell,128.855.5177x9862,lopezdesiree@hotmail.com,"PSC 1667, Box 0257, APO AE 66198",East Daniel,Guernsey,P068
C068,Ashley Townsend,432-596-7294x911,richardalvarez@gross.com,"57392 Ross Road, Alexanderburgh, WV 76311",East Hannahshire,Burundi,P061
C069,Matthew Mcgee,007.106.1844,thompsondebra@yahoo.com,"15426 Taylor Light, South Rachelville, SD 73551",New Christopher,Turkmenistan,P019
C070,Michelle Ortiz,913.342.5200x29400,davidmartinez@fischer.com,"33497 April Meadows, North Michael, WI 95919",Collinsport,French Guiana,P004
C071,Sharon Mueller,6589815674,barbarasmith@hughes-reese.com,"04821 Jason Land Apt. 054, East Helen, WV 81621",Rodriguezfurt,Nepal,P007
C072,Julie Dawson,497-276-6259,fkelley@hotmail.com,"7524 Derek Islands, East Mackenzie, ND 64357",Deniseton,Belize,P041
C073,Stephanie Thompson,703.588.7725x999,kimberlyjohnson@reese-hammond.com,"76485 Brandon Summit, West Kyle, NJ 34290",Hillbury,Trinidad and Tobago,P053
C074,Mrs. Kimberly Lewis,897-382-8763x5194,vsanchez@bell-chavez.info,"676 Moore Street Apt. 449, Lloydville, ND 47225",North Trevorhaven,Andorra,P066
C075,Jason Cox,(528)217-3524,heidi86@yahoo.com,"16850 Johnson Point, Davidmouth, AR 15380",New Matthewside,Kuwait,P030
C076,Jeremy Weiss,+1-960-755-6699x67646,bradleyashley@powers.org,"USCGC Hudson, FPO AE 91521",Jennifertown,Slovakia (Slovak Republic),P096
C077,Matthew Luna,547.039.0294x34953,dgross@hotmail.com,"4316 Rhodes Port, North Jeffrey, DE 49775",North Craig,Cayman Islands,P025
C078,Joshua Flores,,monicagarcia@gomez.com,"7327 Grant Spring Apt. 237, Amyville, VA 04387",Debratown,Isle of Man,P096
C079,Dawn Berger,587-072-2493x1257,christophermartinez@perry.biz,"9983 Robert Branch Suite 607, Pattersonstad, CO 23314",,Maldives,P042
C080,Kimberly Moore,+1-395-670-0347x4313,eric48@yahoo.com,"3446 Willis Locks, West Margaret, AK 10224",Lopezview,Latvia,P064
C081,Janice Walker,150-856-8172x094,theresa75@stewart.net,"957 Diaz Club Apt. 684, Derricktown, ME 39771",Nataliefort,Anguilla,P029
C082,Elizabeth Hall,384-321-7405,marywhite@weaver.com,"45154 Davis Passage, Alvaradomouth, TN 37390",West Mallory,British Virgin Islands,P007
C083,Francisco Johnson,243-306-8965x9362,kevinwilliams@hotmail.com,"584 Graham Lights Apt. 238, North Philipshire, PA 68068",Marcusborough,Mali,P029
C084,Jordan Kelly,+1-112-160-6280x98620,piercekelly@hotmail.com,"14561 Randy Ways, East Robertview, FL 89696",Olsonchester,Saudi Arabia,P031
C085,Jasmine Flores,+1-082-747-2384x400,,"20393 Steven Brooks Apt. 639, Sarahland, CT 13075",Lake Maria,Cayman Islands,P042
C086,Morgan Taylor,(446)483-8884x3493,jeremy05@hotmail.com,"2574 Pace Ford Apt. 772, Evanland, VA 41714",West Brendaland,Uruguay,P039
C087,Amanda Phillips,001-590-719-0766x58412,betty57@yahoo.com,"8132 Lee Crescent, Joyceshire, WY 66868",Reevesmouth,French Guiana,P021
C088,Randall Bradford,,kbean@gmail.com,"899 Rubio Grove, Port Rebeccamouth, KY 28982",Port Ryan,Chad,P033
C089,Kathleen Smith,(494)921-1642x390,kimberly69@hotmail.com,"958 Smith Ranch Suite 716, New Luis, ND 28348",,Czech Republic,P032
C090,Carl Beasley,(450)341-9956x04823,erin04@harvey.org,"07635 Christy Drives Apt. 268, East Eduardotown, NY 48049",Grahamberg,Nicaragua,P070
C091,Robin Martinez,001-171-098-9816,,"2258 James Trafficway Suite 836, West Philliptown, OR 86607",West Mariachester,Central African Republic,P075
C092,Seth Alvarez,427.151.4142x226,natalie68@robertson.com,"5011 Bond Meadows, Huffport, KS 66276",Richardfurt,United Kingdom,P001
C093,Lauren Hernandez,(401)672-1940x8141,colerandy@rice-mason.com,"5556 Peter Crest, North Debbie, NJ 47550",North Kimberly,New Zealand,P078
C094,Michael Green,,,"4937 Delgado Rapids Apt. 456, East Rachel, IA 28144",Mathewsbury,Congo,P077
C095,Austin Mejia,506.734.8260x9629,amanda35@gmail.com,"573 Johnston Rest Apt. 439, Carolynfurt, GA 08619",Lake Williamview,Central African Republic,P057
C096,Courtney Watson,4896233772,zchung@jones-williams.info,"5169 Richard Mission Apt. 446, Lucasside, VA 35945",,Antarctica (the territory South of 60 deg S),P032
C097,Cameron Ewing,,qjames@hotmail.com,"560 Johnson Course Apt. 523, Gallegosmouth, MO 29316",South Christophermouth,Guatemala,P089
C098,Gary Gonzalez II,393.109.8151x7631,jamesmary@greene.org,"25238 Taylor Pass, Virginiaburgh, AZ 82648",New Danaton,Libyan Arab Jamahiriya,P053
C099,Lauren Fields,+1-806-578-9039x3247,adamsrichard@rodriguez.com,"2931 Zimmerman Ridge, West Ericstad, KS 47538",Nicoleland,Trinidad and Tobago,P085
C100,Zachary Murphy,+1-880-330-8844x453,garciaanna@gmail.com,"4805 Russo Street Apt. 271, Port Emilyfurt, KY 73404",West Anna,Mozambique,P001
